0,0.03333333333333333,Pokharan No. 1 Road,502+03206,Cadbury Company Chowk/Eastern Express Highway,0.6611100000000001,20,5.1878,0.7,12.9,-
1,0.4166666666666667,Pokharan No. 1 Road,502-03206,Cadbury Company Chowk/Eastern Express Highway,0.59992,27,4.1768,0.73,19.31,+
2,67.03333333333333,Pokharan No. 1 Road,502+03206,Cadbury Company Chowk/Eastern Express Highway,0.6611100000000001,20,5.7028,0.7,12.19,-
3,67.41666666666667,Pokharan No. 1 Road,502-03206,Cadbury Company Chowk/Eastern Express Highway,0.59992,27,5.2509,0.72,17.3,+
4,77.05,Pokharan No. 1 Road,502+03206,Cadbury Company Chowk/Eastern Express Highway,0.6611100000000001,20,5.7784,0.7,12.08,-
5,77.41666666666667,Pokharan No. 1 Road,502-03206,Cadbury Company Chowk/Eastern Express Highway,0.59992,27,5.0705,0.73,17.64,+
6,87.05,Pokharan No. 1 Road,502+03206,Cadbury Company Chowk/Eastern Express Highway,0.6611100000000001,20,5.8119,0.7,12.04,-
7,87.4,Pokharan No. 1 Road,502-03206,Cadbury Company Chowk/Eastern Express Highway,0.59992,27,5.2612,0.71,17.28,+
8,97.03333333333332,Pokharan No. 1 Road,502+03206,Cadbury Company Chowk/Eastern Express Highway,0.6611100000000001,20,6.6786,0.72,10.84,-
9,97.41666666666669,Pokharan No. 1 Road,502-03206,Cadbury Company Chowk/Eastern Express Highway,0.59992,27,5.3443,0.7,17.12,+
10,107.05,Pokharan No. 1 Road,502+03206,Cadbury Company Chowk/Eastern Express Highway,0.6611100000000001,20,6.2371,0.71,11.45,-
11,107.41666666666669,Pokharan No. 1 Road,502-03206,Cadbury Company Chowk/Eastern Express Highway,0.59992,27,5.3811,0.7,17.06,+
12,117.05,Pokharan No. 1 Road,502+03206,Cadbury Company Chowk/Eastern Express Highway,0.6611100000000001,20,6.0224,0.7,11.75,-
13,117.41666666666669,Pokharan No. 1 Road,502-03206,Cadbury Company Chowk/Eastern Express Highway,0.59992,27,5.7013,0.7,16.46,+
14,127.06666666666666,Pokharan No. 1 Road,502+03206,Cadbury Company Chowk/Eastern Express Highway,0.6611100000000001,20,5.9223,0.7,11.88,-
15,127.41666666666669,Pokharan No. 1 Road,502-03206,Cadbury Company Chowk/Eastern Express Highway,0.59992,27,5.8379,0.7,16.2,+
16,137.05,Pokharan No. 1 Road,502+03206,Cadbury Company Chowk/Eastern Express Highway,0.6611100000000001,20,5.8766,0.7,11.95,-
17,137.41666666666666,Pokharan No. 1 Road,502-03206,Cadbury Company Chowk/Eastern Express Highway,0.59992,27,5.8978,0.7,16.09,+
18,147.18333333333334,Pokharan No. 1 Road,502+03206,Cadbury Company Chowk/Eastern Express Highway,0.6611100000000001,20,6.268,0.7,11.41,-
19,147.4,Pokharan No. 1 Road,502-03206,Cadbury Company Chowk/Eastern Express Highway,0.59992,27,5.9245,0.7,16.04,+
20,157.03333333333333,Pokharan No. 1 Road,502+03206,Cadbury Company Chowk/Eastern Express Highway,0.6611100000000001,20,6.4273,0.74,11.19,-
21,157.41666666666666,Pokharan No. 1 Road,502-03206,Cadbury Company Chowk/Eastern Express Highway,0.59992,27,6.1211,0.7,15.67,+
22,167.15,Pokharan No. 1 Road,502+03206,Cadbury Company Chowk/Eastern Express Highway,0.6611100000000001,20,6.5018,0.71,11.08,-
23,167.4,Pokharan No. 1 Road,502-03206,Cadbury Company Chowk/Eastern Express Highway,0.59992,27,6.3235,0.7,15.29,+
24,177.23333333333332,Pokharan No. 1 Road,502+03206,Cadbury Company Chowk/Eastern Express Highway,0.6611100000000001,20,6.5348,0.7,11.04,-
25,177.4,Pokharan No. 1 Road,502-03206,Cadbury Company Chowk/Eastern Express Highway,0.59992,27,6.4112,0.7,15.13,+
26,187.03333333333333,Pokharan No. 1 Road,502+03206,Cadbury Company Chowk/Eastern Express Highway,0.6611100000000001,20,6.517,0.71,11.06,-
27,187.41666666666663,Pokharan No. 1 Road,502-03206,Cadbury Company Chowk/Eastern Express Highway,0.59992,27,6.4499,0.7,15.06,+
28,196.03333333333333,Pokharan No. 1 Road,502+03206,Cadbury Company Chowk/Eastern Express Highway,0.6611100000000001,20,6.5195,0.7,11.06,-
29,196.41666666666663,Pokharan No. 1 Road,502-03206,Cadbury Company Chowk/Eastern Express Highway,0.59992,27,6.4603,0.7,15.04,+
30,207.01666666666668,Pokharan No. 1 Road,502+03206,Cadbury Company Chowk/Eastern Express Highway,0.6611100000000001,20,7.3927,0.72,9.85,-
31,207.53333333333333,Pokharan No. 1 Road,502-03206,Cadbury Company Chowk/Eastern Express Highway,0.59992,27,6.7794,0.7,14.44,+
32,217.03333333333333,Pokharan No. 1 Road,502+03206,Cadbury Company Chowk/Eastern Express Highway,0.6611100000000001,20,7.3008,0.71,9.98,-
33,217.41666666666663,Pokharan No. 1 Road,502-03206,Cadbury Company Chowk/Eastern Express Highway,0.59992,27,6.9118,0.7,14.2,+
34,226.03333333333333,Pokharan No. 1 Road,502+03206,Cadbury Company Chowk/Eastern Express Highway,0.6611100000000001,20,6.9113,0.7,10.52,-
35,226.4,Pokharan No. 1 Road,502-03206,Cadbury Company Chowk/Eastern Express Highway,0.59992,27,6.9698,0.7,14.09,+
36,236.03333333333333,Pokharan No. 1 Road,502+03206,Cadbury Company Chowk/Eastern Express Highway,0.6611100000000001,20,6.6105,0.7,10.93,-
37,236.41666666666663,Pokharan No. 1 Road,502-03206,Cadbury Company Chowk/Eastern Express Highway,0.59992,27,6.9956,0.7,14.04,+
38,247.03333333333333,Pokharan No. 1 Road,502+03206,Cadbury Company Chowk/Eastern Express Highway,0.6611100000000001,20,6.5836,0.7,10.97,-
39,247.4,Pokharan No. 1 Road,502-03206,Cadbury Company Chowk/Eastern Express Highway,0.59992,27,7.0024,0.7,14.03,+
40,256.03333333333336,Pokharan No. 1 Road,502+03206,Cadbury Company Chowk/Eastern Express Highway,0.6611100000000001,20,6.5836,0.7,10.97,-
41,256.4166666666667,Pokharan No. 1 Road,502-03206,Cadbury Company Chowk/Eastern Express Highway,0.59992,27,7.0024,0.7,14.03,+
42,266.03333333333336,Pokharan No. 1 Road,502+03206,Cadbury Company Chowk/Eastern Express Highway,0.6611100000000001,20,6.5836,0.7,10.97,-
43,266.4166666666667,Pokharan No. 1 Road,502-03206,Cadbury Company Chowk/Eastern Express Highway,0.59992,27,7.0024,0.7,14.03,+
44,276.03333333333336,Pokharan No. 1 Road,502+03206,Cadbury Company Chowk/Eastern Express Highway,0.6611100000000001,20,6.5836,0.7,10.97,-
45,276.4166666666667,Pokharan No. 1 Road,502-03206,Cadbury Company Chowk/Eastern Express Highway,0.59992,27,7.1131,0.7,13.82,+
46,287.03333333333336,Pokharan No. 1 Road,502+03206,Cadbury Company Chowk/Eastern Express Highway,0.6611100000000001,20,6.5836,0.7,10.97,-
47,287.55,Pokharan No. 1 Road,502-03206,Cadbury Company Chowk/Eastern Express Highway,0.59992,27,7.0601,0.7,13.92,+
48,297.0833333333333,Pokharan No. 1 Road,502+03206,Cadbury Company Chowk/Eastern Express Highway,0.6611100000000001,20,6.5836,0.7,10.97,-
49,297.4,Pokharan No. 1 Road,502-03206,Cadbury Company Chowk/Eastern Express Highway,0.59992,27,6.7518,0.7,14.49,+
50,307.03333333333336,Pokharan No. 1 Road,502+03206,Cadbury Company Chowk/Eastern Express Highway,0.6611100000000001,20,6.9581,0.75,10.45,-
51,307.4166666666667,Pokharan No. 1 Road,502-03206,Cadbury Company Chowk/Eastern Express Highway,0.59992,27,6.4412,0.7,15.07,+
52,316.03333333333336,Pokharan No. 1 Road,502+03206,Cadbury Company Chowk/Eastern Express Highway,0.6611100000000001,20,6.3799,0.72,11.25,-
53,316.4,Pokharan No. 1 Road,502-03206,Cadbury Company Chowk/Eastern Express Highway,0.59992,27,5.2454,0.76,17.31,+
54,326.05,Pokharan No. 1 Road,502+03206,Cadbury Company Chowk/Eastern Express Highway,0.6611100000000001,20,5.729,0.71,12.15,-
55,326.6333333333333,Pokharan No. 1 Road,502-03206,Cadbury Company Chowk/Eastern Express Highway,0.59992,27,4.5411,0.78,18.63,+
56,336.05,Pokharan No. 1 Road,502+03206,Cadbury Company Chowk/Eastern Express Highway,0.6611100000000001,20,5.4017,0.7,12.61,-
57,336.4,Pokharan No. 1 Road,502-03206,Cadbury Company Chowk/Eastern Express Highway,0.59992,27,6.4491,0.8,15.06,+
58,346.06666666666666,Pokharan No. 1 Road,502+03206,Cadbury Company Chowk/Eastern Express Highway,0.6611100000000001,20,5.2467,0.7,12.82,-
59,346.41666666666674,Pokharan No. 1 Road,502-03206,Cadbury Company Chowk/Eastern Express Highway,0.59992,27,5.9082,0.74,16.07,+
60,356.05,Pokharan No. 1 Road,502+03206,Cadbury Company Chowk/Eastern Express Highway,0.6611100000000001,20,4.7955,0.7,13.44,-
61,356.41666666666674,Pokharan No. 1 Road,502-03206,Cadbury Company Chowk/Eastern Express Highway,0.59992,27,5.3683,0.72,17.08,+
62,366.03333333333336,Pokharan No. 1 Road,502+03206,Cadbury Company Chowk/Eastern Express Highway,0.6611100000000001,20,4.5783,0.7,13.75,-
63,366.4,Pokharan No. 1 Road,502-03206,Cadbury Company Chowk/Eastern Express Highway,0.59992,27,4.941,0.7,17.88,+
64,376.11666666666673,Pokharan No. 1 Road,502+03206,Cadbury Company Chowk/Eastern Express Highway,0.6611100000000001,20,4.4776,0.7,13.88,-
65,376.41666666666674,Pokharan No. 1 Road,502-03206,Cadbury Company Chowk/Eastern Express Highway,0.59992,27,4.6191,0.7,18.48,+
66,386.05,Pokharan No. 1 Road,502+03206,Cadbury Company Chowk/Eastern Express Highway,0.6611100000000001,20,4.0488,0.7,14.48,-
67,386.41666666666674,Pokharan No. 1 Road,502-03206,Cadbury Company Chowk/Eastern Express Highway,0.59992,27,4.1866,0.7,19.29,+
68,396.03333333333336,Pokharan No. 1 Road,502+03206,Cadbury Company Chowk/Eastern Express Highway,0.6611100000000001,20,4.0233,0.7,14.51,-
69,396.4,Pokharan No. 1 Road,502-03206,Cadbury Company Chowk/Eastern Express Highway,0.59992,27,3.8118,0.7,19.98,+
70,406.05,Pokharan No. 1 Road,502+03206,Cadbury Company Chowk/Eastern Express Highway,0.6611100000000001,20,3.8298,0.7,14.78,-
71,406.4,Pokharan No. 1 Road,502-03206,Cadbury Company Chowk/Eastern Express Highway,0.59992,27,3.5141,0.7,20.53,+
72,416.08333333333326,Pokharan No. 1 Road,502+03206,Cadbury Company Chowk/Eastern Express Highway,0.6611100000000001,20,3.3534,0.7,15.43,-
73,416.4,Pokharan No. 1 Road,502-03206,Cadbury Company Chowk/Eastern Express Highway,0.59992,27,3.088,0.7,21.32,+
74,426.03333333333336,Pokharan No. 1 Road,502+03206,Cadbury Company Chowk/Eastern Express Highway,0.6611100000000001,20,2.901,0.7,16.04,-
75,426.41666666666674,Pokharan No. 1 Road,502-03206,Cadbury Company Chowk/Eastern Express Highway,0.59992,27,2.7169,0.7,22.0,+
76,436.05,Pokharan No. 1 Road,502+03206,Cadbury Company Chowk/Eastern Express Highway,0.6611100000000001,20,2.5247,0.7,16.56,-
77,436.4,Pokharan No. 1 Road,502-03206,Cadbury Company Chowk/Eastern Express Highway,0.59992,27,2.423,0.7,22.54,+
78,446.03333333333336,Pokharan No. 1 Road,502+03206,Cadbury Company Chowk/Eastern Express Highway,0.6611100000000001,20,1.5988,0.7,17.82,-
79,446.4,Pokharan No. 1 Road,502-03206,Cadbury Company Chowk/Eastern Express Highway,0.59992,27,1.9981,0.7,23.32,+
80,456.05,Pokharan No. 1 Road,502+03206,Cadbury Company Chowk/Eastern Express Highway,0.6611100000000001,20,0.9152,0.7,18.75,-
81,456.4,Pokharan No. 1 Road,502-03206,Cadbury Company Chowk/Eastern Express Highway,0.59992,27,1.4669,0.7,24.3,+
82,466.25,Pokharan No. 1 Road,502+03206,Cadbury Company Chowk/Eastern Express Highway,0.6611100000000001,20,0.4255,0.7,19.42,-
83,466.41666666666674,Pokharan No. 1 Road,502-03206,Cadbury Company Chowk/Eastern Express Highway,0.59992,27,0.9733,0.7,25.21,+
84,476.05,Pokharan No. 1 Road,502+03206,Cadbury Company Chowk/Eastern Express Highway,0.6611100000000001,20,0.0,0.7,20.26,-
85,476.4,Pokharan No. 1 Road,502-03206,Cadbury Company Chowk/Eastern Express Highway,0.59992,27,0.4535,0.7,26.17,+
86,486.05,Pokharan No. 1 Road,502+03206,Cadbury Company Chowk/Eastern Express Highway,0.6611100000000001,20,0.0,0.7,20.66,-
87,486.41666666666674,Pokharan No. 1 Road,502-03206,Cadbury Company Chowk/Eastern Express Highway,0.59992,27,0.0,0.76,27.68,+
88,496.05,Pokharan No. 1 Road,502+03206,Cadbury Company Chowk/Eastern Express Highway,0.6611100000000001,20,0.0,0.7,20.85,-
89,496.51666666666665,Pokharan No. 1 Road,502-03206,Cadbury Company Chowk/Eastern Express Highway,0.59992,27,0.0,0.72,27.86,+
90,506.05,Pokharan No. 1 Road,502+03206,Cadbury Company Chowk/Eastern Express Highway,0.6611100000000001,20,0.0,0.7,20.93,-
91,506.4,Pokharan No. 1 Road,502-03206,Cadbury Company Chowk/Eastern Express Highway,0.59992,27,0.0,0.71,27.94,+
92,516.1833333333333,Pokharan No. 1 Road,502+03206,Cadbury Company Chowk/Eastern Express Highway,0.6611100000000001,20,0.0,0.7,20.97,-
93,516.4,Pokharan No. 1 Road,502-03206,Cadbury Company Chowk/Eastern Express Highway,0.59992,27,0.0,0.7,27.96,+
94,526.05,Pokharan No. 1 Road,502+03206,Cadbury Company Chowk/Eastern Express Highway,0.6611100000000001,20,0.0,0.7,20.98,-
95,526.4,Pokharan No. 1 Road,502-03206,Cadbury Company Chowk/Eastern Express Highway,0.59992,27,0.0,0.76,27.56,+
96,536.0333333333333,Pokharan No. 1 Road,502+03206,Cadbury Company Chowk/Eastern Express Highway,0.6611100000000001,20,0.0,0.7,20.98,-
97,536.4,Pokharan No. 1 Road,502-03206,Cadbury Company Chowk/Eastern Express Highway,0.59992,27,0.0,0.72,27.8,+
98,546.0333333333333,Pokharan No. 1 Road,502+03206,Cadbury Company Chowk/Eastern Express Highway,0.6611100000000001,20,0.0,0.7,21.0,-
99,546.4166666666666,Pokharan No. 1 Road,502-03206,Cadbury Company Chowk/Eastern Express Highway,0.59992,27,0.0,0.71,27.91,+
100,556.05,Pokharan No. 1 Road,502+03206,Cadbury Company Chowk/Eastern Express Highway,0.6611100000000001,20,0.0,0.7,21.0,-
101,556.4,Pokharan No. 1 Road,502-03206,Cadbury Company Chowk/Eastern Express Highway,0.59992,27,0.0,0.7,27.96,+
102,566.05,Pokharan No. 1 Road,502+03206,Cadbury Company Chowk/Eastern Express Highway,0.6611100000000001,20,0.0,0.7,21.0,-
103,566.4,Pokharan No. 1 Road,502-03206,Cadbury Company Chowk/Eastern Express Highway,0.59992,27,0.0,0.7,27.98,+
104,576.05,Pokharan No. 1 Road,502+03206,Cadbury Company Chowk/Eastern Express Highway,0.6611100000000001,20,0.0,0.7,21.0,-
105,576.4166666666666,Pokharan No. 1 Road,502-03206,Cadbury Company Chowk/Eastern Express Highway,0.59992,27,0.0,0.7,27.98,+
106,586.0666666666667,Pokharan No. 1 Road,502+03206,Cadbury Company Chowk/Eastern Express Highway,0.6611100000000001,20,0.0,0.7,21.0,-
107,586.4,Pokharan No. 1 Road,502-03206,Cadbury Company Chowk/Eastern Express Highway,0.59992,27,0.0,0.7,28.0,+
108,596.05,Pokharan No. 1 Road,502+03206,Cadbury Company Chowk/Eastern Express Highway,0.6611100000000001,20,0.0,0.7,21.0,-
109,596.4,Pokharan No. 1 Road,502-03206,Cadbury Company Chowk/Eastern Express Highway,0.59992,27,0.0,0.7,28.0,+
110,606.05,Pokharan No. 1 Road,502+03206,Cadbury Company Chowk/Eastern Express Highway,0.6611100000000001,20,0.0,0.7,21.0,-
111,606.4,Pokharan No. 1 Road,502-03206,Cadbury Company Chowk/Eastern Express Highway,0.59992,27,0.0,0.7,28.0,+
112,616.0333333333333,Pokharan No. 1 Road,502+03206,Cadbury Company Chowk/Eastern Express Highway,0.6611100000000001,20,0.0,0.7,21.0,-
113,616.4,Pokharan No. 1 Road,502-03206,Cadbury Company Chowk/Eastern Express Highway,0.59992,27,0.0,0.7,28.31,+
114,626.05,Pokharan No. 1 Road,502+03206,Cadbury Company Chowk/Eastern Express Highway,0.6611100000000001,20,0.0,0.7,21.0,-
115,626.4,Pokharan No. 1 Road,502-03206,Cadbury Company Chowk/Eastern Express Highway,0.59992,27,0.0,0.7,28.31,+
116,636.2333333333332,Pokharan No. 1 Road,502+03206,Cadbury Company Chowk/Eastern Express Highway,0.6611100000000001,20,0.0,0.7,21.0,-
117,636.4,Pokharan No. 1 Road,502-03206,Cadbury Company Chowk/Eastern Express Highway,0.59992,27,0.0,0.7,28.31,+
118,646.0333333333333,Pokharan No. 1 Road,502+03206,Cadbury Company Chowk/Eastern Express Highway,0.6611100000000001,20,0.0,0.7,21.0,-
119,646.4,Pokharan No. 1 Road,502-03206,Cadbury Company Chowk/Eastern Express Highway,0.59992,27,0.0,0.7,28.31,+
120,656.05,Pokharan No. 1 Road,502+03206,Cadbury Company Chowk/Eastern Express Highway,0.6611100000000001,20,0.0,0.7,21.0,-
121,656.4166666666666,Pokharan No. 1 Road,502-03206,Cadbury Company Chowk/Eastern Express Highway,0.59992,27,0.0,0.7,28.31,+
122,666.0333333333333,Pokharan No. 1 Road,502+03206,Cadbury Company Chowk/Eastern Express Highway,0.6611100000000001,20,0.0,0.7,21.0,-
123,666.5166666666668,Pokharan No. 1 Road,502-03206,Cadbury Company Chowk/Eastern Express Highway,0.59992,27,0.0,0.7,28.31,+
124,676.1833333333333,Pokharan No. 1 Road,502+03206,Cadbury Company Chowk/Eastern Express Highway,0.6611100000000001,20,0.0,0.7,21.0,-
125,676.4166666666666,Pokharan No. 1 Road,502-03206,Cadbury Company Chowk/Eastern Express Highway,0.59992,27,0.0,0.7,28.31,+
126,686.0833333333334,Pokharan No. 1 Road,502+03206,Cadbury Company Chowk/Eastern Express Highway,0.6611100000000001,20,0.0,0.7,21.0,-
127,686.4,Pokharan No. 1 Road,502-03206,Cadbury Company Chowk/Eastern Express Highway,0.59992,27,0.0,0.7,28.31,+
128,696.0333333333333,Pokharan No. 1 Road,502+03206,Cadbury Company Chowk/Eastern Express Highway,0.6611100000000001,20,0.0,0.7,21.0,-
129,696.4,Pokharan No. 1 Road,502-03206,Cadbury Company Chowk/Eastern Express Highway,0.59992,27,0.0,0.7,28.31,+
130,706.0333333333333,Pokharan No. 1 Road,502+03206,Cadbury Company Chowk/Eastern Express Highway,0.6611100000000001,20,0.0,0.7,21.0,-
131,706.4166666666665,Pokharan No. 1 Road,502-03206,Cadbury Company Chowk/Eastern Express Highway,0.59992,27,0.0,0.7,28.31,+
132,716.05,Pokharan No. 1 Road,502+03206,Cadbury Company Chowk/Eastern Express Highway,0.6611100000000001,20,0.0,0.7,21.0,-
133,716.4,Pokharan No. 1 Road,502-03206,Cadbury Company Chowk/Eastern Express Highway,0.59992,27,0.0,0.7,28.31,+
134,726.05,Pokharan No. 1 Road,502+03206,Cadbury Company Chowk/Eastern Express Highway,0.6611100000000001,20,0.0,0.7,21.0,-
135,726.4166666666665,Pokharan No. 1 Road,502-03206,Cadbury Company Chowk/Eastern Express Highway,0.59992,27,0.0,0.7,28.31,+
136,736.05,Pokharan No. 1 Road,502+03206,Cadbury Company Chowk/Eastern Express Highway,0.6611100000000001,20,0.0,0.7,21.0,-
137,736.4,Pokharan No. 1 Road,502-03206,Cadbury Company Chowk/Eastern Express Highway,0.59992,27,0.0,0.7,28.31,+
138,746.0333333333333,Pokharan No. 1 Road,502+03206,Cadbury Company Chowk/Eastern Express Highway,0.6611100000000001,20,0.0,0.7,21.0,-
139,746.4,Pokharan No. 1 Road,502-03206,Cadbury Company Chowk/Eastern Express Highway,0.59992,27,0.0,0.7,28.31,+
140,756.0833333333335,Pokharan No. 1 Road,502+03206,Cadbury Company Chowk/Eastern Express Highway,0.6611100000000001,20,0.0,0.7,21.0,-
141,756.4166666666665,Pokharan No. 1 Road,502-03206,Cadbury Company Chowk/Eastern Express Highway,0.59992,27,0.0,0.7,28.31,+
142,766.05,Pokharan No. 1 Road,502+03206,Cadbury Company Chowk/Eastern Express Highway,0.6611100000000001,20,0.0,0.7,21.0,-
143,766.4166666666665,Pokharan No. 1 Road,502-03206,Cadbury Company Chowk/Eastern Express Highway,0.59992,27,0.0,0.7,28.31,+
144,776.05,Pokharan No. 1 Road,502+03206,Cadbury Company Chowk/Eastern Express Highway,0.6611100000000001,20,0.0,0.7,21.0,-
145,776.4,Pokharan No. 1 Road,502-03206,Cadbury Company Chowk/Eastern Express Highway,0.59992,27,0.0,0.7,28.31,+
146,786.05,Pokharan No. 1 Road,502+03206,Cadbury Company Chowk/Eastern Express Highway,0.6611100000000001,20,0.0,0.7,21.0,-
147,786.4,Pokharan No. 1 Road,502-03206,Cadbury Company Chowk/Eastern Express Highway,0.59992,27,0.0,0.7,28.31,+
148,796.05,Pokharan No. 1 Road,502+03206,Cadbury Company Chowk/Eastern Express Highway,0.6611100000000001,20,0.0,0.7,21.0,-
149,796.4166666666665,Pokharan No. 1 Road,502-03206,Cadbury Company Chowk/Eastern Express Highway,0.59992,27,0.0,0.7,28.31,+
150,806.2333333333332,Pokharan No. 1 Road,502+03206,Cadbury Company Chowk/Eastern Express Highway,0.6611100000000001,20,0.0,0.7,21.0,-
151,806.4166666666665,Pokharan No. 1 Road,502-03206,Cadbury Company Chowk/Eastern Express Highway,0.59992,27,0.0,0.7,28.31,+
152,816.05,Pokharan No. 1 Road,502+03206,Cadbury Company Chowk/Eastern Express Highway,0.6611100000000001,20,0.0,0.7,21.0,-
153,816.4,Pokharan No. 1 Road,502-03206,Cadbury Company Chowk/Eastern Express Highway,0.59992,27,0.0,0.7,27.66,+
154,826.0333333333333,Pokharan No. 1 Road,502+03206,Cadbury Company Chowk/Eastern Express Highway,0.6611100000000001,20,0.0,0.7,21.0,-
155,826.4,Pokharan No. 1 Road,502-03206,Cadbury Company Chowk/Eastern Express Highway,0.59992,27,0.0,0.7,27.29,+
156,836.05,Pokharan No. 1 Road,502+03206,Cadbury Company Chowk/Eastern Express Highway,0.6611100000000001,20,0.0,0.7,20.44,-
157,836.5166666666668,Pokharan No. 1 Road,502-03206,Cadbury Company Chowk/Eastern Express Highway,0.59992,27,0.2362,0.7,26.57,+
158,846.05,Pokharan No. 1 Road,502+03206,Cadbury Company Chowk/Eastern Express Highway,0.6611100000000001,20,0.0,0.7,20.19,-
159,846.4166666666665,Pokharan No. 1 Road,502-03206,Cadbury Company Chowk/Eastern Express Highway,0.59992,27,0.407,0.7,26.25,+
160,856.1166666666667,Pokharan No. 1 Road,502+03206,Cadbury Company Chowk/Eastern Express Highway,0.6611100000000001,20,0.0,0.7,20.09,-
161,856.4166666666665,Pokharan No. 1 Road,502-03206,Cadbury Company Chowk/Eastern Express Highway,0.59992,27,0.4824,0.7,26.11,+
162,866.05,Pokharan No. 1 Road,502+03206,Cadbury Company Chowk/Eastern Express Highway,0.6611100000000001,20,0.0,0.7,20.04,-
163,866.4,Pokharan No. 1 Road,502-03206,Cadbury Company Chowk/Eastern Express Highway,0.59992,27,0.5159,0.7,26.05,+
164,876.05,Pokharan No. 1 Road,502+03206,Cadbury Company Chowk/Eastern Express Highway,0.6611100000000001,20,0.0,0.7,20.02,-
165,876.4166666666665,Pokharan No. 1 Road,502-03206,Cadbury Company Chowk/Eastern Express Highway,0.59992,27,0.3559,0.7,26.34,+
166,886.05,Pokharan No. 1 Road,502+03206,Cadbury Company Chowk/Eastern Express Highway,0.6611100000000001,20,0.0,0.7,20.02,-
167,886.4166666666665,Pokharan No. 1 Road,502-03206,Cadbury Company Chowk/Eastern Express Highway,0.59992,27,0.1619,0.7,26.7,+
168,896.05,Pokharan No. 1 Road,502+03206,Cadbury Company Chowk/Eastern Express Highway,0.6611100000000001,20,0.4109,0.7,19.44,-
169,896.4166666666665,Pokharan No. 1 Road,502-03206,Cadbury Company Chowk/Eastern Express Highway,0.59992,27,0.0731,0.7,26.87,+
170,906.0333333333333,Pokharan No. 1 Road,502+03206,Cadbury Company Chowk/Eastern Express Highway,0.6611100000000001,20,0.5904,0.7,19.19,-
171,906.4,Pokharan No. 1 Road,502-03206,Cadbury Company Chowk/Eastern Express Highway,0.59992,27,0.0329,0.7,26.94,+
172,916.05,Pokharan No. 1 Road,502+03206,Cadbury Company Chowk/Eastern Express Highway,0.6611100000000001,20,0.6695,0.7,19.09,-
173,916.4,Pokharan No. 1 Road,502-03206,Cadbury Company Chowk/Eastern Express Highway,0.59992,27,0.022,0.7,26.96,+
174,926.0833333333335,Pokharan No. 1 Road,502+03206,Cadbury Company Chowk/Eastern Express Highway,0.6611100000000001,20,0.7047,0.7,19.04,-
175,926.4,Pokharan No. 1 Road,502-03206,Cadbury Company Chowk/Eastern Express Highway,0.59992,27,0.0099,0.7,26.98,+
176,936.05,Pokharan No. 1 Road,502+03206,Cadbury Company Chowk/Eastern Express Highway,0.6611100000000001,20,0.7205,0.7,19.02,-
177,936.4166666666665,Pokharan No. 1 Road,502-03206,Cadbury Company Chowk/Eastern Express Highway,0.59992,27,0.0099,0.7,26.98,+
178,946.05,Pokharan No. 1 Road,502+03206,Cadbury Company Chowk/Eastern Express Highway,0.6611100000000001,20,0.7205,0.7,19.02,-
179,946.4,Pokharan No. 1 Road,502-03206,Cadbury Company Chowk/Eastern Express Highway,0.59992,27,0.0019,0.7,27.0,+
180,956.05,Pokharan No. 1 Road,502+03206,Cadbury Company Chowk/Eastern Express Highway,0.6611100000000001,20,0.7307,0.7,19.0,-
181,956.4166666666665,Pokharan No. 1 Road,502-03206,Cadbury Company Chowk/Eastern Express Highway,0.59992,27,0.0019,0.7,27.0,+
182,966.05,Pokharan No. 1 Road,502+03206,Cadbury Company Chowk/Eastern Express Highway,0.6611100000000001,20,0.983,0.7,18.66,-
183,966.4166666666665,Pokharan No. 1 Road,502-03206,Cadbury Company Chowk/Eastern Express Highway,0.59992,27,0.0019,0.7,27.0,+
184,976.2333333333332,Pokharan No. 1 Road,502+03206,Cadbury Company Chowk/Eastern Express Highway,0.6611100000000001,20,1.2538,0.7,18.29,-
185,976.4,Pokharan No. 1 Road,502-03206,Cadbury Company Chowk/Eastern Express Highway,0.59992,27,0.0019,0.7,27.0,+
186,986.05,Pokharan No. 1 Road,502+03206,Cadbury Company Chowk/Eastern Express Highway,0.6611100000000001,20,2.2345,0.7,16.95,-
187,986.4166666666665,Pokharan No. 1 Road,502-03206,Cadbury Company Chowk/Eastern Express Highway,0.59992,27,0.6193,0.7,25.86,+
188,996.05,Pokharan No. 1 Road,502+03206,Cadbury Company Chowk/Eastern Express Highway,0.6611100000000001,20,2.8952,0.7,16.05,-
189,996.4166666666665,Pokharan No. 1 Road,502-03206,Cadbury Company Chowk/Eastern Express Highway,0.59992,27,0.8806,0.7,25.38,+
190,1006.05,Pokharan No. 1 Road,502+03206,Cadbury Company Chowk/Eastern Express Highway,0.6611100000000001,20,3.3332,0.7,15.45,-
191,1006.5166666666668,Pokharan No. 1 Road,502-03206,Cadbury Company Chowk/Eastern Express Highway,0.59992,27,0.9948,0.7,25.17,+
192,1016.05,Pokharan No. 1 Road,502+03206,Cadbury Company Chowk/Eastern Express Highway,0.6611100000000001,20,3.5194,0.7,15.2,-
193,1016.4166666666665,Pokharan No. 1 Road,502-03206,Cadbury Company Chowk/Eastern Express Highway,0.59992,27,1.3521,0.7,24.51,+
194,1026.0833333333333,Pokharan No. 1 Road,502+03206,Cadbury Company Chowk/Eastern Express Highway,0.6611100000000001,20,3.601,0.7,15.09,-
195,1026.4,Pokharan No. 1 Road,502-03206,Cadbury Company Chowk/Eastern Express Highway,0.59992,27,1.5064,0.7,24.23,+
196,1036.05,Pokharan No. 1 Road,502+03206,Cadbury Company Chowk/Eastern Express Highway,0.6611100000000001,20,3.6373,0.7,15.04,-
197,1036.4166666666667,Pokharan No. 1 Road,502-03206,Cadbury Company Chowk/Eastern Express Highway,0.59992,27,1.5746,0.7,24.1,+
198,1046.05,Pokharan No. 1 Road,502+03206,Cadbury Company Chowk/Eastern Express Highway,0.6611100000000001,20,3.6373,0.7,15.04,-
199,1046.4,Pokharan No. 1 Road,502-03206,Cadbury Company Chowk/Eastern Express Highway,0.59992,27,1.9112,0.7,23.48,+
200,1056.05,Pokharan No. 1 Road,502+03206,Cadbury Company Chowk/Eastern Express Highway,0.6611100000000001,20,3.6373,0.7,15.04,-
201,1056.4,Pokharan No. 1 Road,502-03206,Cadbury Company Chowk/Eastern Express Highway,0.59992,27,2.0567,0.7,23.21,+
202,1066.05,Pokharan No. 1 Road,502+03206,Cadbury Company Chowk/Eastern Express Highway,0.6611100000000001,20,3.6373,0.7,15.04,-
203,1066.4,Pokharan No. 1 Road,502-03206,Cadbury Company Chowk/Eastern Express Highway,0.59992,27,2.1209,0.7,23.1,+
204,1076.05,Pokharan No. 1 Road,502+03206,Cadbury Company Chowk/Eastern Express Highway,0.6611100000000001,20,3.6373,0.7,15.04,-
205,1076.4,Pokharan No. 1 Road,502-03206,Cadbury Company Chowk/Eastern Express Highway,0.59992,27,2.4268,0.7,22.53,+
206,1086.05,Pokharan No. 1 Road,502+03206,Cadbury Company Chowk/Eastern Express Highway,0.6611100000000001,20,3.6373,0.7,15.04,-
207,1086.4166666666667,Pokharan No. 1 Road,502-03206,Cadbury Company Chowk/Eastern Express Highway,0.59992,27,2.7767,0.7,21.89,+
208,1096.0833333333333,Pokharan No. 1 Road,502+03206,Cadbury Company Chowk/Eastern Express Highway,0.6611100000000001,20,3.6373,0.7,15.04,-
209,1096.4,Pokharan No. 1 Road,502-03206,Cadbury Company Chowk/Eastern Express Highway,0.59992,27,3.0476,0.7,21.39,+
210,1106.05,Pokharan No. 1 Road,502+03206,Cadbury Company Chowk/Eastern Express Highway,0.6611100000000001,20,4.0819,0.7,14.43,-
211,1106.4,Pokharan No. 1 Road,502-03206,Cadbury Company Chowk/Eastern Express Highway,0.59992,27,3.1652,0.7,21.17,+
212,1116.05,Pokharan No. 1 Road,502+03206,Cadbury Company Chowk/Eastern Express Highway,0.6611100000000001,20,4.2563,0.7,14.19,-
213,1116.4166666666667,Pokharan No. 1 Road,502-03206,Cadbury Company Chowk/Eastern Express Highway,0.59992,27,3.2172,0.7,21.08,+
214,1126.05,Pokharan No. 1 Road,502+03206,Cadbury Company Chowk/Eastern Express Highway,0.6611100000000001,20,4.3326,0.7,14.08,-
215,1126.4166666666667,Pokharan No. 1 Road,502-03206,Cadbury Company Chowk/Eastern Express Highway,0.59992,27,3.2404,0.7,21.03,+
216,1136.0333333333333,Pokharan No. 1 Road,502+03206,Cadbury Company Chowk/Eastern Express Highway,0.6611100000000001,20,4.3666,0.7,14.04,-
217,1136.4,Pokharan No. 1 Road,502-03206,Cadbury Company Chowk/Eastern Express Highway,0.59992,27,3.5571,0.7,20.45,+
218,1146.25,Pokharan No. 1 Road,502+03206,Cadbury Company Chowk/Eastern Express Highway,0.6611100000000001,20,4.3666,0.7,14.04,-
219,1146.4,Pokharan No. 1 Road,502-03206,Cadbury Company Chowk/Eastern Express Highway,0.59992,27,3.6937,0.7,20.2,+
220,1156.05,Pokharan No. 1 Road,502+03206,Cadbury Company Chowk/Eastern Express Highway,0.6611100000000001,20,4.3666,0.7,14.04,-
221,1156.4,Pokharan No. 1 Road,502-03206,Cadbury Company Chowk/Eastern Express Highway,0.59992,27,3.7539,0.7,20.09,+
222,1166.05,Pokharan No. 1 Road,502+03206,Cadbury Company Chowk/Eastern Express Highway,0.6611100000000001,20,4.3666,0.7,14.04,-
223,1166.4166666666667,Pokharan No. 1 Road,502-03206,Cadbury Company Chowk/Eastern Express Highway,0.59992,27,4.0868,0.7,19.47,+
224,1176.05,Pokharan No. 1 Road,502+03206,Cadbury Company Chowk/Eastern Express Highway,0.6611100000000001,20,4.3666,0.7,14.04,-
225,1176.5333333333333,Pokharan No. 1 Road,502-03206,Cadbury Company Chowk/Eastern Express Highway,0.59992,27,4.2282,0.7,19.21,+
226,1186.05,Pokharan No. 1 Road,502+03206,Cadbury Company Chowk/Eastern Express Highway,0.6611100000000001,20,4.3666,0.7,14.04,-
227,1186.4166666666667,Pokharan No. 1 Road,502-03206,Cadbury Company Chowk/Eastern Express Highway,0.59992,27,4.2904,0.7,19.09,+
228,1196.0833333333333,Pokharan No. 1 Road,502+03206,Cadbury Company Chowk/Eastern Express Highway,0.6611100000000001,20,4.3666,0.7,14.04,-
229,1196.4,Pokharan No. 1 Road,502-03206,Cadbury Company Chowk/Eastern Express Highway,0.59992,27,4.6215,0.7,18.48,+
230,1206.05,Pokharan No. 1 Road,502+03206,Cadbury Company Chowk/Eastern Express Highway,0.6611100000000001,20,2.5211,0.78,16.56,-
231,1206.4,Pokharan No. 1 Road,502-03206,Cadbury Company Chowk/Eastern Express Highway,0.59992,27,4.7632,0.7,18.21,+
232,1216.05,Pokharan No. 1 Road,502+03206,Cadbury Company Chowk/Eastern Express Highway,0.6611100000000001,20,3.6338,0.73,15.04,-
233,1216.4,Pokharan No. 1 Road,502-03206,Cadbury Company Chowk/Eastern Express Highway,0.59992,27,4.8255,0.7,18.09,+
234,1226.05,Pokharan No. 1 Road,502+03206,Cadbury Company Chowk/Eastern Express Highway,0.6611100000000001,20,4.0686,0.71,14.45,-
235,1226.4,Pokharan No. 1 Road,502-03206,Cadbury Company Chowk/Eastern Express Highway,0.59992,27,4.8356,0.7,18.07,+
236,1236.05,Pokharan No. 1 Road,502+03206,Cadbury Company Chowk/Eastern Express Highway,0.6611100000000001,20,4.2505,0.7,14.2,-
237,1236.4166666666667,Pokharan No. 1 Road,502-03206,Cadbury Company Chowk/Eastern Express Highway,0.59992,27,5.9767,0.72,15.94,+
238,1246.05,Pokharan No. 1 Road,502+03206,Cadbury Company Chowk/Eastern Express Highway,0.6611100000000001,20,4.3301,0.7,14.09,-
239,1246.4166666666667,Pokharan No. 1 Road,502-03206,Cadbury Company Chowk/Eastern Express Highway,0.59992,27,5.6739,0.7,16.51,+
240,1256.05,Pokharan No. 1 Road,502+03206,Cadbury Company Chowk/Eastern Express Highway,0.6611100000000001,20,4.3654,0.7,14.04,-
241,1256.4166666666667,Pokharan No. 1 Road,502-03206,Cadbury Company Chowk/Eastern Express Highway,0.59992,27,5.5308,0.7,16.78,+
242,1266.0833333333333,Pokharan No. 1 Road,502+03206,Cadbury Company Chowk/Eastern Express Highway,0.6611100000000001,20,4.3654,0.7,14.04,-
243,1266.4,Pokharan No. 1 Road,502-03206,Cadbury Company Chowk/Eastern Express Highway,0.59992,27,5.4651,0.7,16.9,+
244,1276.05,Pokharan No. 1 Road,502+03206,Cadbury Company Chowk/Eastern Express Highway,0.6611100000000001,20,4.3654,0.7,14.04,-
245,1276.4,Pokharan No. 1 Road,502-03206,Cadbury Company Chowk/Eastern Express Highway,0.59992,27,5.4353,0.7,16.95,+
246,1286.0333333333333,Pokharan No. 1 Road,502+03206,Cadbury Company Chowk/Eastern Express Highway,0.6611100000000001,20,5.2911,0.79,12.76,-
247,1286.4,Pokharan No. 1 Road,502-03206,Cadbury Company Chowk/Eastern Express Highway,0.59992,27,5.4218,0.7,16.98,+
248,1296.05,Pokharan No. 1 Road,502+03206,Cadbury Company Chowk/Eastern Express Highway,0.6611100000000001,20,4.8174,0.74,13.41,-
249,1296.4166666666667,Pokharan No. 1 Road,502-03206,Cadbury Company Chowk/Eastern Express Highway,0.59992,27,4.9287,0.78,17.9,+
250,1306.0333333333333,Pokharan No. 1 Road,502+03206,Cadbury Company Chowk/Eastern Express Highway,0.6611100000000001,20,3.9461,0.85,14.62,-
251,1306.4,Pokharan No. 1 Road,502-03206,Cadbury Company Chowk/Eastern Express Highway,0.59992,27,5.2005,0.74,17.39,+
252,1316.2666666666667,Pokharan No. 1 Road,502+03206,Cadbury Company Chowk/Eastern Express Highway,0.6611100000000001,20,4.1981,0.76,14.27,-
253,1316.4,Pokharan No. 1 Road,502-03206,Cadbury Company Chowk/Eastern Express Highway,0.59992,27,5.3176,0.71,17.17,+
254,1326.05,Pokharan No. 1 Road,502+03206,Cadbury Company Chowk/Eastern Express Highway,0.6611100000000001,20,4.307,0.73,14.12,-
255,1326.4,Pokharan No. 1 Road,502-03206,Cadbury Company Chowk/Eastern Express Highway,0.59992,27,5.317,0.71,17.18,+
256,1336.0333333333333,Pokharan No. 1 Road,502+03206,Cadbury Company Chowk/Eastern Express Highway,0.6611100000000001,20,4.2334,0.72,14.22,-
257,1336.4,Pokharan No. 1 Road,502-03206,Cadbury Company Chowk/Eastern Express Highway,0.59992,27,5.369,0.7,17.08,+
258,1346.1666666666667,Pokharan No. 1 Road,502+03206,Cadbury Company Chowk/Eastern Express Highway,0.6611100000000001,20,4.4226,0.71,13.96,-
259,1346.5333333333333,Pokharan No. 1 Road,502-03206,Cadbury Company Chowk/Eastern Express Highway,0.59992,27,5.2587,0.71,17.28,+
260,1356.0333333333333,Pokharan No. 1 Road,502+03206,Cadbury Company Chowk/Eastern Express Highway,0.6611100000000001,20,6.3538,0.78,11.29,-
261,1356.4,Pokharan No. 1 Road,502-03206,Cadbury Company Chowk/Eastern Express Highway,0.59992,27,5.26,0.72,17.28,+
262,1366.0666666666666,Pokharan No. 1 Road,502+03206,Cadbury Company Chowk/Eastern Express Highway,0.6611100000000001,20,5.7945,0.74,12.06,-
263,1366.4,Pokharan No. 1 Road,502-03206,Cadbury Company Chowk/Eastern Express Highway,0.59992,27,5.0521,0.71,17.67,+
264,1376.05,Pokharan No. 1 Road,502+03206,Cadbury Company Chowk/Eastern Express Highway,0.6611100000000001,20,4.8834,0.8,13.32,-
265,1376.416666666667,Pokharan No. 1 Road,502-03206,Cadbury Company Chowk/Eastern Express Highway,0.59992,27,4.9557,0.7,17.85,+
266,1386.05,Pokharan No. 1 Road,502+03206,Cadbury Company Chowk/Eastern Express Highway,0.6611100000000001,20,4.6197,0.74,13.69,-
267,1386.416666666667,Pokharan No. 1 Road,502-03206,Cadbury Company Chowk/Eastern Express Highway,0.59992,27,4.9118,0.7,17.93,+
268,1396.1,Pokharan No. 1 Road,502+03206,Cadbury Company Chowk/Eastern Express Highway,0.6611100000000001,20,3.6965,0.77,14.96,-
269,1396.4,Pokharan No. 1 Road,502-03206,Cadbury Company Chowk/Eastern Express Highway,0.59992,27,4.8919,0.7,17.97,+
270,1406.05,Pokharan No. 1 Road,502+03206,Cadbury Company Chowk/Eastern Express Highway,0.6611100000000001,20,4.0942,0.73,14.41,-
271,1406.416666666667,Pokharan No. 1 Road,502-03206,Cadbury Company Chowk/Eastern Express Highway,0.59992,27,4.8866,0.7,17.98,+
272,1416.05,Pokharan No. 1 Road,502+03206,Cadbury Company Chowk/Eastern Express Highway,0.6611100000000001,20,4.2616,0.71,14.18,-
273,1416.416666666667,Pokharan No. 1 Road,502-03206,Cadbury Company Chowk/Eastern Express Highway,0.59992,27,4.8866,0.7,17.98,+
274,1426.05,Pokharan No. 1 Road,502+03206,Cadbury Company Chowk/Eastern Express Highway,0.6611100000000001,20,4.335,0.7,14.08,-
275,1426.416666666667,Pokharan No. 1 Road,502-03206,Cadbury Company Chowk/Eastern Express Highway,0.59992,27,7.3488,0.74,13.38,+
276,1436.083333333333,Pokharan No. 1 Road,502+03206,Cadbury Company Chowk/Eastern Express Highway,0.6611100000000001,20,4.3676,0.7,14.04,-
277,1436.4,Pokharan No. 1 Road,502-03206,Cadbury Company Chowk/Eastern Express Highway,0.59992,27,6.1688,0.72,15.58,+
278,1446.05,Pokharan No. 1 Road,502+03206,Cadbury Company Chowk/Eastern Express Highway,0.6611100000000001,20,4.3764,0.7,14.02,-
279,1446.416666666667,Pokharan No. 1 Road,502-03206,Cadbury Company Chowk/Eastern Express Highway,0.59992,27,5.5026,0.7,16.83,+
280,1456.05,Pokharan No. 1 Road,502+03206,Cadbury Company Chowk/Eastern Express Highway,0.6611100000000001,20,4.3764,0.7,14.02,-
281,1456.4,Pokharan No. 1 Road,502-03206,Cadbury Company Chowk/Eastern Express Highway,0.59992,27,5.1676,0.7,17.45,+
282,1466.1333333333334,Pokharan No. 1 Road,502+03206,Cadbury Company Chowk/Eastern Express Highway,0.6611100000000001,20,4.3764,0.7,14.02,-
283,1466.416666666667,Pokharan No. 1 Road,502-03206,Cadbury Company Chowk/Eastern Express Highway,0.59992,27,5.3032,0.7,17.2,+
284,1476.05,Pokharan No. 1 Road,502+03206,Cadbury Company Chowk/Eastern Express Highway,0.6611100000000001,20,4.3764,0.7,14.02,-
285,1476.4,Pokharan No. 1 Road,502-03206,Cadbury Company Chowk/Eastern Express Highway,0.59992,27,5.1441,0.71,17.5,+
286,1486.25,Pokharan No. 1 Road,502+03206,Cadbury Company Chowk/Eastern Express Highway,0.6611100000000001,20,4.3764,0.7,14.02,-
287,1486.416666666667,Pokharan No. 1 Road,502-03206,Cadbury Company Chowk/Eastern Express Highway,0.59992,27,4.605,0.75,18.51,+
288,1496.05,Pokharan No. 1 Road,502+03206,Cadbury Company Chowk/Eastern Express Highway,0.6611100000000001,20,4.3764,0.7,14.02,-
289,1496.4,Pokharan No. 1 Road,502-03206,Cadbury Company Chowk/Eastern Express Highway,0.59992,27,4.756,0.72,18.22,+
290,1506.05,Pokharan No. 1 Road,502+03206,Cadbury Company Chowk/Eastern Express Highway,0.6611100000000001,20,4.3764,0.7,14.02,-
291,1506.416666666667,Pokharan No. 1 Road,502-03206,Cadbury Company Chowk/Eastern Express Highway,0.59992,27,5.0078,0.71,17.75,+
292,1516.05,Pokharan No. 1 Road,502+03206,Cadbury Company Chowk/Eastern Express Highway,0.6611100000000001,20,4.4823,0.7,13.88,-
293,1516.5166666666669,Pokharan No. 1 Road,502-03206,Cadbury Company Chowk/Eastern Express Highway,0.59992,27,5.2342,0.7,17.33,+
294,1526.05,Pokharan No. 1 Road,502+03206,Cadbury Company Chowk/Eastern Express Highway,0.6611100000000001,20,4.4339,0.7,13.94,-
295,1526.4,Pokharan No. 1 Road,502-03206,Cadbury Company Chowk/Eastern Express Highway,0.59992,27,5.3324,0.7,17.15,+
296,1536.05,Pokharan No. 1 Road,502+03206,Cadbury Company Chowk/Eastern Express Highway,0.6611100000000001,20,3.9725,0.72,14.58,-
297,1536.4,Pokharan No. 1 Road,502-03206,Cadbury Company Chowk/Eastern Express Highway,0.59992,27,5.3758,0.7,17.07,+
298,1546.05,Pokharan No. 1 Road,502+03206,Cadbury Company Chowk/Eastern Express Highway,0.6611100000000001,20,4.2613,0.72,14.18,-
299,1546.4,Pokharan No. 1 Road,502-03206,Cadbury Company Chowk/Eastern Express Highway,0.59992,27,5.3874,0.7,17.04,+
300,1556.05,Pokharan No. 1 Road,502+03206,Cadbury Company Chowk/Eastern Express Highway,0.6611100000000001,20,4.3349,0.7,14.08,-
301,1556.4,Pokharan No. 1 Road,502-03206,Cadbury Company Chowk/Eastern Express Highway,0.59992,27,5.1829,0.75,17.43,+
302,1566.05,Pokharan No. 1 Road,502+03206,Cadbury Company Chowk/Eastern Express Highway,0.6611100000000001,20,4.3676,0.7,14.04,-
303,1566.4,Pokharan No. 1 Road,502-03206,Cadbury Company Chowk/Eastern Express Highway,0.59992,27,5.4978,0.72,16.84,+
304,1576.1833333333334,Pokharan No. 1 Road,502+03206,Cadbury Company Chowk/Eastern Express Highway,0.6611100000000001,20,3.9949,0.73,14.55,-
305,1576.416666666667,Pokharan No. 1 Road,502-03206,Cadbury Company Chowk/Eastern Express Highway,0.59992,27,5.7505,0.71,16.37,+
306,1586.05,Pokharan No. 1 Road,502+03206,Cadbury Company Chowk/Eastern Express Highway,0.6611100000000001,20,3.7399,0.74,14.9,-
307,1586.4,Pokharan No. 1 Road,502-03206,Cadbury Company Chowk/Eastern Express Highway,0.59992,27,5.8593,0.7,16.16,+
308,1596.05,Pokharan No. 1 Road,502+03206,Cadbury Company Chowk/Eastern Express Highway,0.6611100000000001,20,4.3765,0.71,14.02,-
309,1596.4,Pokharan No. 1 Road,502-03206,Cadbury Company Chowk/Eastern Express Highway,0.59992,27,5.9073,0.7,16.07,+
310,1606.1,Pokharan No. 1 Road,502+03206,Cadbury Company Chowk/Eastern Express Highway,0.6611100000000001,20,4.7981,0.7,13.44,-
311,1606.4,Pokharan No. 1 Road,502-03206,Cadbury Company Chowk/Eastern Express Highway,0.59992,27,5.9287,0.7,16.03,+
312,1616.05,Pokharan No. 1 Road,502+03206,Cadbury Company Chowk/Eastern Express Highway,0.6611100000000001,20,4.9762,0.7,13.19,-
313,1616.416666666667,Pokharan No. 1 Road,502-03206,Cadbury Company Chowk/Eastern Express Highway,0.59992,27,6.2423,0.7,15.45,+
314,1626.033333333333,Pokharan No. 1 Road,502+03206,Cadbury Company Chowk/Eastern Express Highway,0.6611100000000001,20,5.2287,0.7,12.84,-
315,1626.416666666667,Pokharan No. 1 Road,502-03206,Cadbury Company Chowk/Eastern Express Highway,0.59992,27,6.3757,0.7,15.2,+
316,1636.166666666667,Pokharan No. 1 Road,502+03206,Cadbury Company Chowk/Eastern Express Highway,0.6611100000000001,20,5.1672,0.7,12.93,-
317,1636.416666666667,Pokharan No. 1 Road,502-03206,Cadbury Company Chowk/Eastern Express Highway,0.59992,27,6.4342,0.7,15.09,+
318,1646.05,Pokharan No. 1 Road,502+03206,Cadbury Company Chowk/Eastern Express Highway,0.6611100000000001,20,5.1393,0.7,12.97,-
319,1646.416666666667,Pokharan No. 1 Road,502-03206,Cadbury Company Chowk/Eastern Express Highway,0.59992,27,6.4602,0.7,15.04,+
320,1656.4,Pokharan No. 1 Road,502+03206,Cadbury Company Chowk/Eastern Express Highway,0.6611100000000001,20,5.1393,0.7,12.97,-
321,1656.416666666667,Pokharan No. 1 Road,502-03206,Cadbury Company Chowk/Eastern Express Highway,0.59992,27,6.4602,0.7,15.04,+
322,1666.05,Pokharan No. 1 Road,502+03206,Cadbury Company Chowk/Eastern Express Highway,0.6611100000000001,20,5.1393,0.7,12.97,-
323,1666.4,Pokharan No. 1 Road,502-03206,Cadbury Company Chowk/Eastern Express Highway,0.59992,27,6.4602,0.7,15.04,+
324,1676.05,Pokharan No. 1 Road,502+03206,Cadbury Company Chowk/Eastern Express Highway,0.6611100000000001,20,5.1393,0.7,12.97,-
325,1676.4,Pokharan No. 1 Road,502-03206,Cadbury Company Chowk/Eastern Express Highway,0.59992,27,6.4602,0.7,15.04,+
326,1686.033333333333,Pokharan No. 1 Road,502+03206,Cadbury Company Chowk/Eastern Express Highway,0.6611100000000001,20,6.1249,0.8,11.6,-
327,1686.5166666666669,Pokharan No. 1 Road,502-03206,Cadbury Company Chowk/Eastern Express Highway,0.59992,27,6.4602,0.7,15.04,+
328,1697.033333333333,Pokharan No. 1 Road,502+03206,Cadbury Company Chowk/Eastern Express Highway,0.6611100000000001,20,5.2447,0.76,12.82,-
329,1696.4,Pokharan No. 1 Road,502-03206,Cadbury Company Chowk/Eastern Express Highway,0.59992,27,6.4602,0.7,15.04,+
330,1706.0666666666666,Pokharan No. 1 Road,502+03206,Cadbury Company Chowk/Eastern Express Highway,0.6611100000000001,20,4.8719,0.77,13.34,-
331,1706.4,Pokharan No. 1 Road,502-03206,Cadbury Company Chowk/Eastern Express Highway,0.59992,27,6.4602,0.7,15.04,+
332,1717.033333333333,Pokharan No. 1 Road,502+03206,Cadbury Company Chowk/Eastern Express Highway,0.6611100000000001,20,5.0082,0.73,13.15,-
333,1716.4,Pokharan No. 1 Road,502-03206,Cadbury Company Chowk/Eastern Express Highway,0.59992,27,6.0236,0.75,15.86,+
334,1727.05,Pokharan No. 1 Road,502+03206,Cadbury Company Chowk/Eastern Express Highway,0.6611100000000001,20,5.0415,0.73,13.1,-
335,1726.4,Pokharan No. 1 Road,502-03206,Cadbury Company Chowk/Eastern Express Highway,0.59992,27,6.1622,0.75,15.6,+
336,1737.05,Pokharan No. 1 Road,502+03206,Cadbury Company Chowk/Eastern Express Highway,0.6611100000000001,20,4.6953,0.71,13.58,-
337,1736.416666666667,Pokharan No. 1 Road,502-03206,Cadbury Company Chowk/Eastern Express Highway,0.59992,27,8.0496,0.82,11.88,+
338,1747.033333333333,Pokharan No. 1 Road,502+03206,Cadbury Company Chowk/Eastern Express Highway,0.6611100000000001,20,4.5315,0.7,13.81,-
339,1746.4,Pokharan No. 1 Road,502-03206,Cadbury Company Chowk/Eastern Express Highway,0.59992,27,8.0035,0.77,12.14,+
340,1756.033333333333,Pokharan No. 1 Road,502+03206,Cadbury Company Chowk/Eastern Express Highway,0.6611100000000001,20,4.4562,0.7,13.91,-
341,1756.416666666667,Pokharan No. 1 Road,502-03206,Cadbury Company Chowk/Eastern Express Highway,0.59992,27,6.7961,0.73,14.41,+
342,1767.05,Pokharan No. 1 Road,502+03206,Cadbury Company Chowk/Eastern Express Highway,0.6611100000000001,20,4.422,0.7,13.96,-
343,1766.4,Pokharan No. 1 Road,502-03206,Cadbury Company Chowk/Eastern Express Highway,0.59992,27,5.8442,0.71,16.19,+
344,1776.0666666666666,Pokharan No. 1 Road,502+03206,Cadbury Company Chowk/Eastern Express Highway,0.6611100000000001,20,4.1797,0.7,14.3,-
345,1776.416666666667,Pokharan No. 1 Road,502-03206,Cadbury Company Chowk/Eastern Express Highway,0.59992,27,5.1817,0.7,17.43,+
346,1787.033333333333,Pokharan No. 1 Road,502+03206,Cadbury Company Chowk/Eastern Express Highway,0.6611100000000001,20,3.9043,0.7,14.68,-
347,1786.4,Pokharan No. 1 Road,502-03206,Cadbury Company Chowk/Eastern Express Highway,0.59992,27,4.7362,0.7,18.26,+
348,1796.15,Pokharan No. 1 Road,502+03206,Cadbury Company Chowk/Eastern Express Highway,0.6611100000000001,20,3.5408,0.78,15.17,-
349,1796.416666666667,Pokharan No. 1 Road,502-03206,Cadbury Company Chowk/Eastern Express Highway,0.59992,27,4.2442,0.7,19.18,+
350,1806.05,Pokharan No. 1 Road,502+03206,Cadbury Company Chowk/Eastern Express Highway,0.6611100000000001,20,3.8387,0.74,14.77,-
351,1806.416666666667,Pokharan No. 1 Road,502-03206,Cadbury Company Chowk/Eastern Express Highway,0.59992,27,3.8401,0.7,19.93,+
352,1816.05,Pokharan No. 1 Road,502+03206,Cadbury Company Chowk/Eastern Express Highway,0.6611100000000001,20,3.7446,0.71,14.89,-
353,1816.4,Pokharan No. 1 Road,502-03206,Cadbury Company Chowk/Eastern Express Highway,0.59992,27,3.5275,0.7,20.51,+
354,1826.25,Pokharan No. 1 Road,502+03206,Cadbury Company Chowk/Eastern Express Highway,0.6611100000000001,20,3.7017,0.7,14.95,-
355,1826.416666666667,Pokharan No. 1 Road,502-03206,Cadbury Company Chowk/Eastern Express Highway,0.59992,27,3.0944,0.7,21.3,+
356,1837.05,Pokharan No. 1 Road,502+03206,Cadbury Company Chowk/Eastern Express Highway,0.6611100000000001,20,3.4514,0.7,15.29,-
357,1836.4,Pokharan No. 1 Road,502-03206,Cadbury Company Chowk/Eastern Express Highway,0.59992,27,2.8889,0.7,21.68,+
358,1847.05,Pokharan No. 1 Road,502+03206,Cadbury Company Chowk/Eastern Express Highway,0.6611100000000001,20,3.1717,0.7,15.67,-
359,1846.55,Pokharan No. 1 Road,502-03206,Cadbury Company Chowk/Eastern Express Highway,0.59992,27,2.7942,0.7,21.86,+
360,1856.05,Pokharan No. 1 Road,502+03206,Cadbury Company Chowk/Eastern Express Highway,0.6611100000000001,20,3.0415,0.7,15.85,-
361,1856.5166666666669,Pokharan No. 1 Road,502-03206,Cadbury Company Chowk/Eastern Express Highway,0.59992,27,2.4596,0.7,22.47,+
362,1867.05,Pokharan No. 1 Road,502+03206,Cadbury Company Chowk/Eastern Express Highway,0.6611100000000001,20,2.9821,0.7,15.93,-
363,1866.416666666667,Pokharan No. 1 Road,502-03206,Cadbury Company Chowk/Eastern Express Highway,0.59992,27,2.1327,0.7,23.07,+
364,1876.083333333333,Pokharan No. 1 Road,502+03206,Cadbury Company Chowk/Eastern Express Highway,0.6611100000000001,20,2.9553,0.7,15.97,-
365,1876.4,Pokharan No. 1 Road,502-03206,Cadbury Company Chowk/Eastern Express Highway,0.59992,27,1.8603,0.7,23.58,+
366,1887.05,Pokharan No. 1 Road,502+03206,Cadbury Company Chowk/Eastern Express Highway,0.6611100000000001,20,1.8268,0.7,17.51,-
367,1886.4,Pokharan No. 1 Road,502-03206,Cadbury Company Chowk/Eastern Express Highway,0.59992,27,1.4451,0.7,24.34,+
368,1897.033333333333,Pokharan No. 1 Road,502+03206,Cadbury Company Chowk/Eastern Express Highway,0.6611100000000001,20,1.0296,0.7,18.6,-
369,1896.416666666667,Pokharan No. 1 Road,502-03206,Cadbury Company Chowk/Eastern Express Highway,0.59992,27,0.9177,0.7,25.31,+
370,1907.033333333333,Pokharan No. 1 Road,502+03206,Cadbury Company Chowk/Eastern Express Highway,0.6611100000000001,20,0.4808,0.7,19.34,-
371,1906.416666666667,Pokharan No. 1 Road,502-03206,Cadbury Company Chowk/Eastern Express Highway,0.59992,27,0.4267,0.7,26.21,+
372,1917.0666666666666,Pokharan No. 1 Road,502+03206,Cadbury Company Chowk/Eastern Express Highway,0.6611100000000001,20,0.0,0.7,20.22,-
373,1916.416666666667,Pokharan No. 1 Road,502-03206,Cadbury Company Chowk/Eastern Express Highway,0.59992,27,0.0,0.76,27.72,+
374,1927.083333333333,Pokharan No. 1 Road,502+03206,Cadbury Company Chowk/Eastern Express Highway,0.6611100000000001,20,0.0,0.7,20.64,-
375,1926.416666666667,Pokharan No. 1 Road,502-03206,Cadbury Company Chowk/Eastern Express Highway,0.59992,27,0.0,0.81,27.85,+
376,1937.033333333333,Pokharan No. 1 Road,502+03206,Cadbury Company Chowk/Eastern Express Highway,0.6611100000000001,20,0.0,0.7,20.84,-
377,1936.416666666667,Pokharan No. 1 Road,502-03206,Cadbury Company Chowk/Eastern Express Highway,0.59992,27,0.0,0.75,27.93,+
378,1947.033333333333,Pokharan No. 1 Road,502+03206,Cadbury Company Chowk/Eastern Express Highway,0.6611100000000001,20,0.0,0.7,20.93,-
379,1946.4,Pokharan No. 1 Road,502-03206,Cadbury Company Chowk/Eastern Express Highway,0.59992,27,0.0,0.72,27.97,+
380,1956.033333333333,Pokharan No. 1 Road,502+03206,Cadbury Company Chowk/Eastern Express Highway,0.6611100000000001,20,0.0,0.7,20.97,-
381,1956.4,Pokharan No. 1 Road,502-03206,Cadbury Company Chowk/Eastern Express Highway,0.59992,27,0.0,0.71,27.98,+
382,1967.033333333333,Pokharan No. 1 Road,502+03206,Cadbury Company Chowk/Eastern Express Highway,0.6611100000000001,20,0.0,0.7,20.98,-
383,1966.416666666667,Pokharan No. 1 Road,502-03206,Cadbury Company Chowk/Eastern Express Highway,0.59992,27,0.0,0.7,27.99,+
384,1977.05,Pokharan No. 1 Road,502+03206,Cadbury Company Chowk/Eastern Express Highway,0.6611100000000001,20,0.0,0.7,20.98,-
385,1976.416666666667,Pokharan No. 1 Road,502-03206,Cadbury Company Chowk/Eastern Express Highway,0.59992,27,0.0,0.7,28.0,+
386,1987.05,Pokharan No. 1 Road,502+03206,Cadbury Company Chowk/Eastern Express Highway,0.6611100000000001,20,0.0,0.7,21.0,-
387,1986.4,Pokharan No. 1 Road,502-03206,Cadbury Company Chowk/Eastern Express Highway,0.59992,27,0.0,0.7,28.0,+
388,1997.083333333333,Pokharan No. 1 Road,502+03206,Cadbury Company Chowk/Eastern Express Highway,0.6611100000000001,20,0.0,0.7,21.0,-
389,1996.4,Pokharan No. 1 Road,502-03206,Cadbury Company Chowk/Eastern Express Highway,0.59992,27,0.0,0.7,28.0,+
390,2007.05,Pokharan No. 1 Road,502+03206,Cadbury Company Chowk/Eastern Express Highway,0.6611100000000001,20,0.0,0.7,21.0,-
391,2006.4,Pokharan No. 1 Road,502-03206,Cadbury Company Chowk/Eastern Express Highway,0.59992,27,0.0,0.7,28.0,+
392,2017.05,Pokharan No. 1 Road,502+03206,Cadbury Company Chowk/Eastern Express Highway,0.6611100000000001,20,0.0,0.7,21.0,-
393,2016.4,Pokharan No. 1 Road,502-03206,Cadbury Company Chowk/Eastern Express Highway,0.59992,27,0.0,0.7,28.0,+
394,2027.033333333333,Pokharan No. 1 Road,502+03206,Cadbury Company Chowk/Eastern Express Highway,0.6611100000000001,20,0.0,0.7,21.0,-
395,2026.5166666666669,Pokharan No. 1 Road,502-03206,Cadbury Company Chowk/Eastern Express Highway,0.59992,27,0.0,0.7,28.0,+
396,2037.05,Pokharan No. 1 Road,502+03206,Cadbury Company Chowk/Eastern Express Highway,0.6611100000000001,20,0.0,0.7,21.0,-
397,2036.4,Pokharan No. 1 Road,502-03206,Cadbury Company Chowk/Eastern Express Highway,0.59992,27,0.0,0.7,28.0,+
398,2046.083333333333,Pokharan No. 1 Road,502+03206,Cadbury Company Chowk/Eastern Express Highway,0.6611100000000001,20,0.0,0.7,21.0,-
399,2046.4,Pokharan No. 1 Road,502-03206,Cadbury Company Chowk/Eastern Express Highway,0.59992,27,0.0,0.7,28.0,+
400,2057.0333333333333,Pokharan No. 1 Road,502+03206,Cadbury Company Chowk/Eastern Express Highway,0.6611100000000001,20,0.0,0.7,21.0,-
401,2056.4,Pokharan No. 1 Road,502-03206,Cadbury Company Chowk/Eastern Express Highway,0.59992,27,0.0,0.7,28.0,+
402,2067.05,Pokharan No. 1 Road,502+03206,Cadbury Company Chowk/Eastern Express Highway,0.6611100000000001,20,0.0,0.76,23.23,-
403,2066.4,Pokharan No. 1 Road,502-03206,Cadbury Company Chowk/Eastern Express Highway,0.59992,27,0.0,0.7,28.0,+
404,2077.0333333333333,Pokharan No. 1 Road,502+03206,Cadbury Company Chowk/Eastern Express Highway,0.6611100000000001,20,0.0,0.73,21.95,-
405,2076.4,Pokharan No. 1 Road,502-03206,Cadbury Company Chowk/Eastern Express Highway,0.59992,27,0.0,0.76,30.13,+
406,2087.05,Pokharan No. 1 Road,502+03206,Cadbury Company Chowk/Eastern Express Highway,0.6611100000000001,20,0.0,0.71,21.41,-
407,2086.4166666666665,Pokharan No. 1 Road,502-03206,Cadbury Company Chowk/Eastern Express Highway,0.59992,27,0.0,0.72,28.92,+
408,2097.0666666666666,Pokharan No. 1 Road,502+03206,Cadbury Company Chowk/Eastern Express Highway,0.6611100000000001,20,0.0,0.7,21.28,-
409,2096.4,Pokharan No. 1 Road,502-03206,Cadbury Company Chowk/Eastern Express Highway,0.59992,27,0.0,0.71,28.61,+
410,2106.0333333333333,Pokharan No. 1 Road,502+03206,Cadbury Company Chowk/Eastern Express Highway,0.6611100000000001,20,0.0,0.7,21.28,-
411,2106.4166666666665,Pokharan No. 1 Road,502-03206,Cadbury Company Chowk/Eastern Express Highway,0.59992,27,0.0,0.7,28.27,+
412,2117.05,Pokharan No. 1 Road,502+03206,Cadbury Company Chowk/Eastern Express Highway,0.6611100000000001,20,0.0,0.7,21.28,-
413,2116.4,Pokharan No. 1 Road,502-03206,Cadbury Company Chowk/Eastern Express Highway,0.59992,27,0.0,0.7,28.27,+
414,2127.05,Pokharan No. 1 Road,502+03206,Cadbury Company Chowk/Eastern Express Highway,0.6611100000000001,20,0.0,0.7,21.28,-
415,2126.4,Pokharan No. 1 Road,502-03206,Cadbury Company Chowk/Eastern Express Highway,0.59992,27,0.0,0.7,28.27,+
416,2137.05,Pokharan No. 1 Road,502+03206,Cadbury Company Chowk/Eastern Express Highway,0.6611100000000001,20,0.0,0.7,21.28,-
417,2136.4,Pokharan No. 1 Road,502-03206,Cadbury Company Chowk/Eastern Express Highway,0.59992,27,0.0,0.7,28.27,+
418,2147.05,Pokharan No. 1 Road,502+03206,Cadbury Company Chowk/Eastern Express Highway,0.6611100000000001,20,0.0,0.7,21.28,-
419,2146.4166666666665,Pokharan No. 1 Road,502-03206,Cadbury Company Chowk/Eastern Express Highway,0.59992,27,0.0,0.7,28.27,+
420,2157.116666666667,Pokharan No. 1 Road,502+03206,Cadbury Company Chowk/Eastern Express Highway,0.6611100000000001,20,0.0,0.7,21.28,-
421,2156.4166666666665,Pokharan No. 1 Road,502-03206,Cadbury Company Chowk/Eastern Express Highway,0.59992,27,0.0,0.7,28.27,+
422,2167.083333333333,Pokharan No. 1 Road,502+03206,Cadbury Company Chowk/Eastern Express Highway,0.6611100000000001,20,0.0,0.7,21.28,-
423,2166.4,Pokharan No. 1 Road,502-03206,Cadbury Company Chowk/Eastern Express Highway,0.59992,27,0.0,0.7,28.27,+
424,2177.05,Pokharan No. 1 Road,502+03206,Cadbury Company Chowk/Eastern Express Highway,0.6611100000000001,20,0.0,0.7,21.28,-
425,2176.4166666666665,Pokharan No. 1 Road,502-03206,Cadbury Company Chowk/Eastern Express Highway,0.59992,27,0.0,0.7,28.27,+
426,2187.05,Pokharan No. 1 Road,502+03206,Cadbury Company Chowk/Eastern Express Highway,0.6611100000000001,20,0.0,0.7,21.28,-
427,2186.4,Pokharan No. 1 Road,502-03206,Cadbury Company Chowk/Eastern Express Highway,0.59992,27,0.0,0.7,28.27,+
428,2197.0333333333333,Pokharan No. 1 Road,502+03206,Cadbury Company Chowk/Eastern Express Highway,0.6611100000000001,20,0.0,0.7,21.28,-
429,2196.5333333333333,Pokharan No. 1 Road,502-03206,Cadbury Company Chowk/Eastern Express Highway,0.59992,27,0.0,0.7,28.27,+
430,2207.05,Pokharan No. 1 Road,502+03206,Cadbury Company Chowk/Eastern Express Highway,0.6611100000000001,20,0.0,0.7,21.28,-
431,2206.4,Pokharan No. 1 Road,502-03206,Cadbury Company Chowk/Eastern Express Highway,0.59992,27,0.0,0.7,28.27,+
432,2216.083333333333,Pokharan No. 1 Road,502+03206,Cadbury Company Chowk/Eastern Express Highway,0.6611100000000001,20,0.0,0.7,21.28,-
433,2216.4166666666665,Pokharan No. 1 Road,502-03206,Cadbury Company Chowk/Eastern Express Highway,0.59992,27,0.0,0.7,28.27,+
434,2227.05,Pokharan No. 1 Road,502+03206,Cadbury Company Chowk/Eastern Express Highway,0.6611100000000001,20,0.0,0.7,21.28,-
435,2226.4,Pokharan No. 1 Road,502-03206,Cadbury Company Chowk/Eastern Express Highway,0.59992,27,0.0,0.7,28.27,+
436,2237.05,Pokharan No. 1 Road,502+03206,Cadbury Company Chowk/Eastern Express Highway,0.6611100000000001,20,0.0,0.7,21.28,-
437,2236.4,Pokharan No. 1 Road,502-03206,Cadbury Company Chowk/Eastern Express Highway,0.59992,27,0.0,0.7,28.27,+
438,2247.0333333333333,Pokharan No. 1 Road,502+03206,Cadbury Company Chowk/Eastern Express Highway,0.6611100000000001,20,0.0,0.7,21.28,-
439,2246.4,Pokharan No. 1 Road,502-03206,Cadbury Company Chowk/Eastern Express Highway,0.59992,27,0.0,0.7,28.27,+
440,2257.05,Pokharan No. 1 Road,502+03206,Cadbury Company Chowk/Eastern Express Highway,0.6611100000000001,20,0.0,0.7,21.28,-
441,2256.4166666666665,Pokharan No. 1 Road,502-03206,Cadbury Company Chowk/Eastern Express Highway,0.59992,27,0.0,0.7,28.27,+
442,2267.083333333333,Pokharan No. 1 Road,502+03206,Cadbury Company Chowk/Eastern Express Highway,0.6611100000000001,20,0.0,0.7,21.28,-
443,2266.4166666666665,Pokharan No. 1 Road,502-03206,Cadbury Company Chowk/Eastern Express Highway,0.59992,27,0.0,0.7,28.27,+
444,2277.05,Pokharan No. 1 Road,502+03206,Cadbury Company Chowk/Eastern Express Highway,0.6611100000000001,20,0.0,0.7,21.28,-
445,2276.4166666666665,Pokharan No. 1 Road,502-03206,Cadbury Company Chowk/Eastern Express Highway,0.59992,27,0.0,0.7,28.27,+
446,2287.05,Pokharan No. 1 Road,502+03206,Cadbury Company Chowk/Eastern Express Highway,0.6611100000000001,20,0.0,0.7,21.28,-
447,2286.4,Pokharan No. 1 Road,502-03206,Cadbury Company Chowk/Eastern Express Highway,0.59992,27,0.0,0.7,28.27,+
448,2297.05,Pokharan No. 1 Road,502+03206,Cadbury Company Chowk/Eastern Express Highway,0.6611100000000001,20,0.0,0.79,24.05,-
449,2296.4,Pokharan No. 1 Road,502-03206,Cadbury Company Chowk/Eastern Express Highway,0.59992,27,0.0,0.7,28.27,+
450,2307.05,Pokharan No. 1 Road,502+03206,Cadbury Company Chowk/Eastern Express Highway,0.6611100000000001,20,0.0,0.74,22.27,-
451,2306.4166666666665,Pokharan No. 1 Road,502-03206,Cadbury Company Chowk/Eastern Express Highway,0.59992,27,0.0,0.7,28.27,+
452,2317.05,Pokharan No. 1 Road,502+03206,Cadbury Company Chowk/Eastern Express Highway,0.6611100000000001,20,0.0,0.71,21.55,-
453,2316.4166666666665,Pokharan No. 1 Road,502-03206,Cadbury Company Chowk/Eastern Express Highway,0.59992,27,0.0,0.7,28.27,+
454,2327.05,Pokharan No. 1 Road,502+03206,Cadbury Company Chowk/Eastern Express Highway,0.6611100000000001,20,0.0,0.7,21.24,-
455,2326.4,Pokharan No. 1 Road,502-03206,Cadbury Company Chowk/Eastern Express Highway,0.59992,27,0.0,0.7,28.27,+
456,2337.083333333333,Pokharan No. 1 Road,502+03206,Cadbury Company Chowk/Eastern Express Highway,0.6611100000000001,20,0.0,0.73,21.56,-
457,2336.4,Pokharan No. 1 Road,502-03206,Cadbury Company Chowk/Eastern Express Highway,0.59992,27,0.0,0.7,28.27,+
458,2347.05,Pokharan No. 1 Road,502+03206,Cadbury Company Chowk/Eastern Express Highway,0.6611100000000001,20,0.0,0.71,21.25,-
459,2346.4166666666665,Pokharan No. 1 Road,502-03206,Cadbury Company Chowk/Eastern Express Highway,0.59992,27,0.0,0.7,28.27,+
460,2357.05,Pokharan No. 1 Road,502+03206,Cadbury Company Chowk/Eastern Express Highway,0.6611100000000001,20,0.0,0.7,21.11,-
461,2356.4166666666665,Pokharan No. 1 Road,502-03206,Cadbury Company Chowk/Eastern Express Highway,0.59992,27,0.0,0.7,28.27,+
462,2367.0333333333333,Pokharan No. 1 Road,502+03206,Cadbury Company Chowk/Eastern Express Highway,0.6611100000000001,20,0.0,0.7,20.48,-
463,2366.516666666667,Pokharan No. 1 Road,502-03206,Cadbury Company Chowk/Eastern Express Highway,0.59992,27,0.0,0.7,27.44,+
464,2377.05,Pokharan No. 1 Road,502+03206,Cadbury Company Chowk/Eastern Express Highway,0.6611100000000001,20,0.0,0.7,20.21,-
465,2376.4166666666665,Pokharan No. 1 Road,502-03206,Cadbury Company Chowk/Eastern Express Highway,0.59992,27,0.0801,0.7,26.85,+
466,2386.0666666666666,Pokharan No. 1 Road,502+03206,Cadbury Company Chowk/Eastern Express Highway,0.6611100000000001,20,0.0,0.7,20.1,-
467,2386.4,Pokharan No. 1 Road,502-03206,Cadbury Company Chowk/Eastern Express Highway,0.59992,27,0.339,0.7,26.38,+
468,2397.05,Pokharan No. 1 Road,502+03206,Cadbury Company Chowk/Eastern Express Highway,0.6611100000000001,20,0.3837,0.7,19.48,-
469,2396.4,Pokharan No. 1 Road,502-03206,Cadbury Company Chowk/Eastern Express Highway,0.59992,27,1.7544,0.7,23.77,+
470,2407.05,Pokharan No. 1 Road,502+03206,Cadbury Company Chowk/Eastern Express Highway,0.6611100000000001,20,0.5785,0.7,19.21,-
471,2406.4166666666665,Pokharan No. 1 Road,502-03206,Cadbury Company Chowk/Eastern Express Highway,0.59992,27,2.7108,0.7,22.01,+
472,2417.0333333333333,Pokharan No. 1 Road,502+03206,Cadbury Company Chowk/Eastern Express Highway,0.6611100000000001,20,0.6642,0.7,19.09,-
473,2416.4166666666665,Pokharan No. 1 Road,502-03206,Cadbury Company Chowk/Eastern Express Highway,0.59992,27,3.3381,0.7,20.85,+
474,2427.05,Pokharan No. 1 Road,502+03206,Cadbury Company Chowk/Eastern Express Highway,0.6611100000000001,20,1.1181,0.7,18.48,-
475,2426.4166666666665,Pokharan No. 1 Road,502-03206,Cadbury Company Chowk/Eastern Express Highway,0.59992,27,3.755,0.72,20.09,+
476,2437.083333333333,Pokharan No. 1 Road,502+03206,Cadbury Company Chowk/Eastern Express Highway,0.6611100000000001,20,1.5696,0.7,17.86,-
477,2436.4166666666665,Pokharan No. 1 Road,502-03206,Cadbury Company Chowk/Eastern Express Highway,0.59992,27,4.606,0.7,18.5,+
478,2447.05,Pokharan No. 1 Road,502+03206,Cadbury Company Chowk/Eastern Express Highway,0.6611100000000001,20,1.9247,0.7,17.38,-
479,2446.4,Pokharan No. 1 Road,502-03206,Cadbury Company Chowk/Eastern Express Highway,0.59992,27,5.0664,0.7,17.64,+
480,2457.0333333333333,Pokharan No. 1 Road,502+03206,Cadbury Company Chowk/Eastern Express Highway,0.6611100000000001,20,2.0779,0.7,17.17,-
481,2456.4166666666665,Pokharan No. 1 Road,502-03206,Cadbury Company Chowk/Eastern Express Highway,0.59992,27,5.9023,0.7,16.08,+
482,2467.05,Pokharan No. 1 Road,502+03206,Cadbury Company Chowk/Eastern Express Highway,0.6611100000000001,20,2.2392,0.7,16.95,-
483,2466.4166666666665,Pokharan No. 1 Road,502-03206,Cadbury Company Chowk/Eastern Express Highway,0.59992,27,6.2313,0.7,15.47,+
484,2477.05,Pokharan No. 1 Road,502+03206,Cadbury Company Chowk/Eastern Express Highway,0.6611100000000001,20,2.2176,0.7,16.98,-
485,2476.4166666666665,Pokharan No. 1 Road,502-03206,Cadbury Company Chowk/Eastern Express Highway,0.59992,27,6.3709,0.7,15.21,+
486,2487.05,Pokharan No. 1 Road,502+03206,Cadbury Company Chowk/Eastern Express Highway,0.6611100000000001,20,2.2176,0.7,16.98,-
487,2486.4166666666665,Pokharan No. 1 Road,502-03206,Cadbury Company Chowk/Eastern Express Highway,0.59992,27,6.5021,0.7,14.96,+
488,2497.083333333333,Pokharan No. 1 Road,502+03206,Cadbury Company Chowk/Eastern Express Highway,0.6611100000000001,20,2.4553,0.7,16.65,-
489,2496.4,Pokharan No. 1 Road,502-03206,Cadbury Company Chowk/Eastern Express Highway,0.59992,27,6.675,0.7,14.64,+
490,2507.083333333333,Pokharan No. 1 Road,502+03206,Cadbury Company Chowk/Eastern Express Highway,0.6611100000000001,20,2.7234,0.7,16.29,-
491,2506.4166666666665,Pokharan No. 1 Road,502-03206,Cadbury Company Chowk/Eastern Express Highway,0.59992,27,6.8669,0.7,14.28,+
492,2517.05,Pokharan No. 1 Road,502+03206,Cadbury Company Chowk/Eastern Express Highway,0.6611100000000001,20,2.84,0.7,16.13,-
493,2516.4,Pokharan No. 1 Road,502-03206,Cadbury Company Chowk/Eastern Express Highway,0.59992,27,6.5118,0.76,14.94,+
494,2527.133333333333,Pokharan No. 1 Road,502+03206,Cadbury Company Chowk/Eastern Express Highway,0.6611100000000001,20,1.8255,0.74,17.51,-
495,2526.4,Pokharan No. 1 Road,502-03206,Cadbury Company Chowk/Eastern Express Highway,0.59992,27,6.798,0.73,14.41,+
496,2537.0333333333333,Pokharan No. 1 Road,502+03206,Cadbury Company Chowk/Eastern Express Highway,0.6611100000000001,20,2.3628,0.72,16.78,-
497,2536.516666666667,Pokharan No. 1 Road,502-03206,Cadbury Company Chowk/Eastern Express Highway,0.59992,27,7.4048,0.71,13.27,+
498,2547.05,Pokharan No. 1 Road,502+03206,Cadbury Company Chowk/Eastern Express Highway,0.6611100000000001,20,3.1172,0.71,15.75,-
499,2546.4,Pokharan No. 1 Road,502-03206,Cadbury Company Chowk/Eastern Express Highway,0.59992,27,7.1959,0.7,13.66,+
500,2556.0666666666666,Pokharan No. 1 Road,502+03206,Cadbury Company Chowk/Eastern Express Highway,0.6611100000000001,20,3.4266,0.7,15.33,-
501,2556.4,Pokharan No. 1 Road,502-03206,Cadbury Company Chowk/Eastern Express Highway,0.59992,27,7.098,0.7,13.85,+
502,2567.15,Pokharan No. 1 Road,502+03206,Cadbury Company Chowk/Eastern Express Highway,0.6611100000000001,20,3.5602,0.7,15.15,-
503,2566.4166666666665,Pokharan No. 1 Road,502-03206,Cadbury Company Chowk/Eastern Express Highway,0.59992,27,7.0533,0.7,13.93,+
504,2577.016666666667,Pokharan No. 1 Road,502+03206,Cadbury Company Chowk/Eastern Express Highway,0.6611100000000001,20,3.6191,0.7,15.06,-
505,2576.4,Pokharan No. 1 Road,502-03206,Cadbury Company Chowk/Eastern Express Highway,0.59992,27,7.033,0.7,13.97,+
506,2587.15,Pokharan No. 1 Road,502+03206,Cadbury Company Chowk/Eastern Express Highway,0.6611100000000001,20,3.6453,0.7,15.03,-
507,2586.4166666666665,Pokharan No. 1 Road,502-03206,Cadbury Company Chowk/Eastern Express Highway,0.59992,27,7.033,0.7,13.97,+
508,2597.0333333333333,Pokharan No. 1 Road,502+03206,Cadbury Company Chowk/Eastern Express Highway,0.6611100000000001,20,3.5929,0.71,15.1,-
509,2596.4,Pokharan No. 1 Road,502-03206,Cadbury Company Chowk/Eastern Express Highway,0.59992,27,7.033,0.7,13.97,+
510,2607.0666666666666,Pokharan No. 1 Road,502+03206,Cadbury Company Chowk/Eastern Express Highway,0.6611100000000001,20,4.0519,0.7,14.47,-
511,2606.4166666666665,Pokharan No. 1 Road,502-03206,Cadbury Company Chowk/Eastern Express Highway,0.59992,27,7.033,0.7,13.97,+
512,2617.05,Pokharan No. 1 Road,502+03206,Cadbury Company Chowk/Eastern Express Highway,0.6611100000000001,20,4.2433,0.7,14.21,-
513,2616.4,Pokharan No. 1 Road,502-03206,Cadbury Company Chowk/Eastern Express Highway,0.59992,27,7.033,0.7,13.97,+
514,2627.0333333333333,Pokharan No. 1 Road,502+03206,Cadbury Company Chowk/Eastern Express Highway,0.6611100000000001,20,4.3269,0.7,14.09,-
515,2626.4166666666665,Pokharan No. 1 Road,502-03206,Cadbury Company Chowk/Eastern Express Highway,0.59992,27,7.033,0.7,13.97,+
516,2637.05,Pokharan No. 1 Road,502+03206,Cadbury Company Chowk/Eastern Express Highway,0.6611100000000001,20,4.364,0.7,14.04,-
517,2636.4166666666665,Pokharan No. 1 Road,502-03206,Cadbury Company Chowk/Eastern Express Highway,0.59992,27,7.3212,0.7,13.43,+
518,2647.0333333333333,Pokharan No. 1 Road,502+03206,Cadbury Company Chowk/Eastern Express Highway,0.6611100000000001,20,4.364,0.7,14.04,-
519,2646.4166666666665,Pokharan No. 1 Road,502-03206,Cadbury Company Chowk/Eastern Express Highway,0.59992,27,7.45,0.7,13.19,+
520,2657.116666666667,Pokharan No. 1 Road,502+03206,Cadbury Company Chowk/Eastern Express Highway,0.6611100000000001,20,4.364,0.7,14.04,-
521,2656.4166666666665,Pokharan No. 1 Road,502-03206,Cadbury Company Chowk/Eastern Express Highway,0.59992,27,7.5063,0.7,13.08,+
522,2667.05,Pokharan No. 1 Road,502+03206,Cadbury Company Chowk/Eastern Express Highway,0.6611100000000001,20,4.364,0.7,14.04,-
523,2666.4166666666665,Pokharan No. 1 Road,502-03206,Cadbury Company Chowk/Eastern Express Highway,0.59992,27,7.5313,0.7,13.04,+
524,2677.05,Pokharan No. 1 Road,502+03206,Cadbury Company Chowk/Eastern Express Highway,0.6611100000000001,20,4.364,0.7,14.04,-
525,2676.4,Pokharan No. 1 Road,502-03206,Cadbury Company Chowk/Eastern Express Highway,0.59992,27,7.3703,0.72,13.34,+
526,2687.0333333333333,Pokharan No. 1 Road,502+03206,Cadbury Company Chowk/Eastern Express Highway,0.6611100000000001,20,4.364,0.7,14.04,-
527,2686.4,Pokharan No. 1 Road,502-03206,Cadbury Company Chowk/Eastern Express Highway,0.59992,27,7.4713,0.7,13.15,+
528,2697.05,Pokharan No. 1 Road,502+03206,Cadbury Company Chowk/Eastern Express Highway,0.6611100000000001,20,4.364,0.7,14.04,-
529,2696.4,Pokharan No. 1 Road,502-03206,Cadbury Company Chowk/Eastern Express Highway,0.59992,27,7.5158,0.7,13.07,+
530,2707.0333333333333,Pokharan No. 1 Road,502+03206,Cadbury Company Chowk/Eastern Express Highway,0.6611100000000001,20,6.2413,0.74,11.44,-
531,2706.516666666667,Pokharan No. 1 Road,502-03206,Cadbury Company Chowk/Eastern Express Highway,0.59992,27,7.5276,0.7,13.04,+
532,2717.05,Pokharan No. 1 Road,502+03206,Cadbury Company Chowk/Eastern Express Highway,0.6611100000000001,20,5.3161,0.71,12.72,-
533,2716.4166666666665,Pokharan No. 1 Road,502-03206,Cadbury Company Chowk/Eastern Express Highway,0.59992,27,7.5276,0.7,13.04,+
534,2726.0666666666666,Pokharan No. 1 Road,502+03206,Cadbury Company Chowk/Eastern Express Highway,0.6611100000000001,20,4.8298,0.7,13.4,-
535,2726.4,Pokharan No. 1 Road,502-03206,Cadbury Company Chowk/Eastern Express Highway,0.59992,27,7.5276,0.7,13.04,+
536,2737.0666666666666,Pokharan No. 1 Road,502+03206,Cadbury Company Chowk/Eastern Express Highway,0.6611100000000001,20,4.5944,0.7,13.72,-
537,2736.4,Pokharan No. 1 Road,502-03206,Cadbury Company Chowk/Eastern Express Highway,0.59992,27,7.5276,0.7,13.04,+
538,2747.016666666667,Pokharan No. 1 Road,502+03206,Cadbury Company Chowk/Eastern Express Highway,0.6611100000000001,20,4.485,0.7,13.87,-
539,2746.4,Pokharan No. 1 Road,502-03206,Cadbury Company Chowk/Eastern Express Highway,0.59992,27,7.5276,0.7,13.04,+
540,2757.0333333333333,Pokharan No. 1 Road,502+03206,Cadbury Company Chowk/Eastern Express Highway,0.6611100000000001,20,4.4351,0.7,13.94,-
541,2756.416666666666,Pokharan No. 1 Road,502-03206,Cadbury Company Chowk/Eastern Express Highway,0.59992,27,7.5276,0.7,13.04,+
542,2767.0333333333333,Pokharan No. 1 Road,502+03206,Cadbury Company Chowk/Eastern Express Highway,0.6611100000000001,20,4.4216,0.7,13.96,-
543,2766.416666666666,Pokharan No. 1 Road,502-03206,Cadbury Company Chowk/Eastern Express Highway,0.59992,27,7.5276,0.7,13.04,+
